"Timestamp","Username","College of Enrollment (e.g., CEM, CAS, CHE):","Batch Year (e.g., 2023, 2024):","Age of Participant (in years):","Sex Assigned at Birth:","General Weighted Average (Academic GWA):","What is your current active employment status?","Average Daily Financial Allowance (in PHP, Write 0 if none):","Average Daily Financial Salary (in PHP, Write 0 if none):","Codename:","Acknowledgment"
"2026/09/21 9:02:54 AM GMT+8","ana@up.edu.ph","CPAf","2024","22","Male","1.527","Non-working Status","500","0","bluewhale","I acknowledge that a cash prize will be awarded to the top 10 highest-scoring individuals across the entire experiment.;I acknowledge that the experiment contains mathematics word questions subject to a strict 1-hour automated countdown timer (3,600 seconds) with skipping mechanisms disabled."
"2026/09/21 9:05:11 AM GMT+8","ben@up.edu.ph","CAS","2024","20","Male","1.386","Non-working Status","0","0","mathwizard","I acknowledge that a cash prize will be awarded to the top 10 highest-scoring individuals across the entire experiment.;I acknowledge that the experiment contains mathematics word questions subject to a strict 1-hour automated countdown timer (3,600 seconds) with skipping mechanisms disabled."
"2026/09/21 9:07:28 AM GMT+8","cara@up.edu.ph","CHE","2025","18","Male","1.339","Non-working Status","250","0","nightowl","I acknowledge that a cash prize will be awarded to the top 10 highest-scoring individuals across the entire experiment.;I acknowledge that the experiment contains mathematics word questions subject to a strict 1-hour automated countdown timer (3,600 seconds) with skipping mechanisms disabled."
"2026/09/21 9:10:01 AM GMT+8","dan@up.edu.ph","CPAf","2023","21","Male","2.029","Non-working Status","300","0","quietstorm","I acknowledge that a cash prize will be awarded to the top 10 highest-scoring individuals across the entire experiment.;I acknowledge that the experiment contains mathematics word questions subject to a strict 1-hour automated countdown timer (3,600 seconds) with skipping mechanisms disabled."
"2026/09/21 9:13:05 AM GMT+8","eve@up.edu.ph","CPAf","2023","21","Male","2.312","Non-working Status","350","0","riverstone","I acknowledge that a cash prize will be awarded to the top 10 highest-scoring individuals across the entire experiment.;I acknowledge that the experiment contains mathematics word questions subject to a strict 1-hour automated countdown timer (3,600 seconds) with skipping mechanisms disabled."
"2026/09/21 9:15:18 AM GMT+8","fritz@up.edu.ph","CEM","2021","22","Male","1.851","Non-working Status","300","0","sunflower","I acknowledge that a cash prize will be awarded to the top 10 highest-scoring individuals across the entire experiment.;I acknowledge that the experiment contains mathematics word questions subject to a strict 1-hour automated countdown timer (3,600 seconds) with skipping mechanisms disabled."
"2026/09/21 9:15:54 AM GMT+8","gene@up.edu.ph","CEM","2022","19","Male","1.955","Non-working Status","400","0","tigershark","I acknowledge that a cash prize will be awarded to the top 10 highest-scoring individuals across the entire experiment.;I acknowledge that the experiment contains mathematics word questions subject to a strict 1-hour automated countdown timer (3,600 seconds) with skipping mechanisms disabled."
"2026/09/21 9:17:40 AM GMT+8","hana@up.edu.ph","CAFS","2023","20","Male","1.717","Non-working Status","0","0","velvetsky","I acknowledge that a cash prize will be awarded to the top 10 highest-scoring individuals across the entire experiment.;I acknowledge that the experiment contains mathematics word questions subject to a strict 1-hour automated countdown timer (3,600 seconds) with skipping mechanisms disabled."
"2026/09/21 9:21:59 AM GMT+8","iris@up.edu.ph","CAS","2022","19","Male","1.266","Non-working Status","500","0","windchime","I acknowledge that a cash prize will be awarded to the top 10 highest-scoring individuals across the entire experiment.;I acknowledge that the experiment contains mathematics word questions subject to a strict 1-hour automated countdown timer (3,600 seconds) with skipping mechanisms disabled."
"2026/09/21 9:21:43 AM GMT+8","jomar@up.edu.ph","CAFS","2024","22","Male","2.728","Non-working Status","200","0","zenmaster","I acknowledge that a cash prize will be awarded to the top 10 highest-scoring individuals across the entire experiment.;I acknowledge that the experiment contains mathematics word questions subject to a strict 1-hour automated countdown timer (3,600 seconds) with skipping mechanisms disabled."
"2026/09/21 9:23:07 AM GMT+8","kaye@up.edu.ph","CVM","2024","19","Male","1.655","Non-working Status","300","0","coffeecat","I acknowledge that a cash prize will be awarded to the top 10 highest-scoring individuals across the entire experiment.;I acknowledge that the experiment contains mathematics word questions subject to a strict 1-hour automated countdown timer (3,600 seconds) with skipping mechanisms disabled."
"2026/09/21 9:23:13 AM GMT+8","leo@up.edu.ph","CHE","2024","24","Male","1.313","Non-working Status","200","0","paperplane","I acknowledge that a cash prize will be awarded to the top 10 highest-scoring individuals across the entire experiment.;I acknowledge that the experiment contains mathematics word questions subject to a strict 1-hour automated countdown timer (3,600 seconds) with skipping mechanisms disabled."
"2026/09/21 9:24:00 AM GMT+8","mika@up.edu.ph","CDC","2023","21","Male","1.361","Working Student (Part-time or Full-time market employment)","250","800","silverfox","I acknowledge that a cash prize will be awarded to the top 10 highest-scoring individuals across the entire experiment.;I acknowledge that the experiment contains mathematics word questions subject to a strict 1-hour automated countdown timer (3,600 seconds) with skipping mechanisms disabled."
"2026/09/21 9:25:38 AM GMT+8","nico@up.edu.ph","CDC","2023","22","Female","1.441","Non-working Status","500","0","stargazer","I acknowledge that a cash prize will be awarded to the top 10 highest-scoring individuals across the entire experiment.;I acknowledge that the experiment contains mathematics word questions subject to a strict 1-hour automated countdown timer (3,600 seconds) with skipping mechanisms disabled."
"2026/09/21 9:25:55 AM GMT+8","ofel@up.edu.ph","CVM","2022","23","Male","1.716","Non-working Status","250","0","bluemoon","I acknowledge that a cash prize will be awarded to the top 10 highest-scoring individuals across the entire experiment.;I acknowledge that the experiment contains mathematics word questions subject to a strict 1-hour automated countdown timer (3,600 seconds) with skipping mechanisms disabled."
"2026/09/21 9:26:46 AM GMT+8","paulo@up.edu.ph","CAFS","2022","23","Male","2.280","Non-working Status","400","0","redpanda","I acknowledge that a cash prize will be awarded to the top 10 highest-scoring individuals across the entire experiment.;I acknowledge that the experiment contains mathematics word questions subject to a strict 1-hour automated countdown timer (3,600 seconds) with skipping mechanisms disabled."
"2026/09/21 9:29:05 AM GMT+8","quin@up.edu.ph","CVM","2021","18","Male","1.308","Non-working Status","300","0","ironleaf","I acknowledge that a cash prize will be awarded to the top 10 highest-scoring individuals across the entire experiment.;I acknowledge that the experiment contains mathematics word questions subject to a strict 1-hour automated countdown timer (3,600 seconds) with skipping mechanisms disabled."
"2026/09/21 9:32:25 AM GMT+8","rhea@up.edu.ph","CFNR","2024","24","Female","1.690","Working Student (Part-time or Full-time market employment)","200","400","mossyrock","I acknowledge that a cash prize will be awarded to the top 10 highest-scoring individuals across the entire experiment.;I acknowledge that the experiment contains mathematics word questions subject to a strict 1-hour automated countdown timer (3,600 seconds) with skipping mechanisms disabled."
"2026/09/21 9:34:35 AM GMT+8","sam@up.edu.ph","CAS","2023","19","Male","2.373","Working Student (Part-time or Full-time market employment)","150","600","echofern","I acknowledge that a cash prize will be awarded to the top 10 highest-scoring individuals across the entire experiment.;I acknowledge that the experiment contains mathematics word questions subject to a strict 1-hour automated countdown timer (3,600 seconds) with skipping mechanisms disabled."
"2026/09/21 9:35:03 AM GMT+8","tina@up.edu.ph","CEM","2022","20","Female","2.047","Non-working Status","200","0","glasswing","I acknowledge that a cash prize will be awarded to the top 10 highest-scoring individuals across the entire experiment.;I acknowledge that the experiment contains mathematics word questions subject to a strict 1-hour automated countdown timer (3,600 seconds) with skipping mechanisms disabled."
"2026/09/21 9:36:57 AM GMT+8","ubay@up.edu.ph","CPAf","2023","23","Male","2.135","Working Student (Part-time or Full-time market employment)","0","700","pinecone","I acknowledge that a cash prize will be awarded to the top 10 highest-scoring individuals across the entire experiment.;I acknowledge that the experiment contains mathematics word questions subject to a strict 1-hour automated countdown timer (3,600 seconds) with skipping mechanisms disabled."
"2026/09/21 9:39:19 AM GMT+8","vince@up.edu.ph","CEM","2021","22","Male","1.973","Non-working Status","300","0","driftwood","I acknowledge that a cash prize will be awarded to the top 10 highest-scoring individuals across the entire experiment.;I acknowledge that the experiment contains mathematics word questions subject to a strict 1-hour automated countdown timer (3,600 seconds) with skipping mechanisms disabled."
"2026/09/21 9:39:04 AM GMT+8","wena@up.edu.ph","CPAf","2025","20","Male","2.600","Non-working Status","200","0","amberfox","I acknowledge that a cash prize will be awarded to the top 10 highest-scoring individuals across the entire experiment.;I acknowledge that the experiment contains mathematics word questions subject to a strict 1-hour automated countdown timer (3,600 seconds) with skipping mechanisms disabled."
"2026/09/21 9:43:21 AM GMT+8","xyra@up.edu.ph","CDC","2021","23","Female","2.601","Non-working Status","400","0","slowriver","I acknowledge that a cash prize will be awarded to the top 10 highest-scoring individuals across the entire experiment.;I acknowledge that the experiment contains mathematics word questions subject to a strict 1-hour automated countdown timer (3,600 seconds) with skipping mechanisms disabled."
"2026/09/21 9:43:55 AM GMT+8","yuri@up.edu.ph","CPAf","2025","18","Female","1.819","Non-working Status","0","0","cloudpine","I acknowledge that a cash prize will be awarded to the top 10 highest-scoring individuals across the entire experiment.;I acknowledge that the experiment contains mathematics word questions subject to a strict 1-hour automated countdown timer (3,600 seconds) with skipping mechanisms disabled."
"2026/09/21 9:44:05 AM GMT+8","zeke@up.edu.ph","CAS","2023","21","Female","1.833","Non-working Status","500","0","hollowoak","I acknowledge that a cash prize will be awarded to the top 10 highest-scoring individuals across the entire experiment.;I acknowledge that the experiment contains mathematics word questions subject to a strict 1-hour automated countdown timer (3,600 seconds) with skipping mechanisms disabled."
"2026/09/21 9:47:34 AM GMT+8","alex@up.edu.ph","CAS","2025","24","Male","1.715","Non-working Status","150","0","brightkoi","I acknowledge that a cash prize will be awarded to the top 10 highest-scoring individuals across the entire experiment.;I acknowledge that the experiment contains mathematics word questions subject to a strict 1-hour automated countdown timer (3,600 seconds) with skipping mechanisms disabled."
"2026/09/21 9:48:44 AM GMT+8","bea@up.edu.ph","CAS","2024","24","Female","1.634","Non-working Status","0","0","dustyowl","I acknowledge that a cash prize will be awarded to the top 10 highest-scoring individuals across the entire experiment.;I acknowledge that the experiment contains mathematics word questions subject to a strict 1-hour automated countdown timer (3,600 seconds) with skipping mechanisms disabled."
"2026/09/21 9:49:43 AM GMT+8","ana@up.edu.ph","CAFS","2025","19","Female","2.240","Non-working Status","500","0","duplicate-person","I acknowledge that a cash prize will be awarded to the top 10 highest-scoring individuals across the entire experiment.;I acknowledge that the experiment contains mathematics word questions subject to a strict 1-hour automated countdown timer (3,600 seconds) with skipping mechanisms disabled."
"2026/09/21 9:50:20 AM GMT+8","mara@up.edu.ph","CVM","2023","19","Female","2.456","Non-working Status","250","0","bluewhale","I acknowledge that a cash prize will be awarded to the top 10 highest-scoring individuals across the entire experiment.;I acknowledge that the experiment contains mathematics word questions subject to a strict 1-hour automated countdown timer (3,600 seconds) with skipping mechanisms disabled."
"2026/09/21 9:52:14 AM GMT+8","rico@up.edu.ph","CDC","2022","19","Male","1.995","Non-working Status","0","0","rico.santos@up.edu.ph","I acknowledge that a cash prize will be awarded to the top 10 highest-scoring individuals across the entire experiment.;I acknowledge that the experiment contains mathematics word questions subject to a strict 1-hour automated countdown timer (3,600 seconds) with skipping mechanisms disabled."
"2026/09/21 9:53:52 AM GMT+8","tess@up.edu.ph","CHE","2021","21","Female","1.663","Non-working Status","250","0","202312345678","I acknowledge that a cash prize will be awarded to the top 10 highest-scoring individuals across the entire experiment.;I acknowledge that the experiment contains mathematics word questions subject to a strict 1-hour automated countdown timer (3,600 seconds) with skipping mechanisms disabled."
"2026/09/21 9:55:40 AM GMT+8","uma@up.edu.ph","CPAf","2023","23","Female","1.731","Non-working Status","0","0","","I acknowledge that a cash prize will be awarded to the top 10 highest-scoring individuals across the entire experiment.;I acknowledge that the experiment contains mathematics word questions subject to a strict 1-hour automated countdown timer (3,600 seconds) with skipping mechanisms disabled."
"2026/09/21 9:57:02 AM GMT+8","not-an-email","CFNR","2025","20","Female","2.224","Working Student (Part-time or Full-time market employment)","0","500","brokenrow","I acknowledge that a cash prize will be awarded to the top 10 highest-scoring individuals across the entire experiment.;I acknowledge that the experiment contains mathematics word questions subject to a strict 1-hour automated countdown timer (3,600 seconds) with skipping mechanisms disabled."
